{
    "pregidn": 511687,
    "pregtextov": "<center><h6 style=\"text-align: left;\">fdjashfdrqwtewq</h6><p style=\"text-align: left;\"><img class=\"responsive-img\" src=\"https://cloud.evaluateok.com/recursos/imagenes/Recurso_1508440978823.png\" style=\"color: inherit;\"><br></p><p style=\"text-align: left;\"><br></p><h4 style=\"text-align: left;\"><span style=\"color: rgb(0, 0, 0);\"><br></span></h4><h4 style=\"text-align: left;\"><span style=\"color: rgb(0, 0, 0);\">La parte del cuerpo que está señalando la flecha en el dibujo es</span></h4></center><br><span id=\"formatEditorTxtEnunciadoP1517857681483\"><math xmlns=\"http://www.w3.org/1998/Math/MathML\"><mfrac><mn>2</mn><mn>3</mn></mfrac></math></span>. <span id=\"formatEditorTxtEnunciadoP1528471712460\"><math xmlns=\"http://www.w3.org/1998/Math/MathML\"><msqrt><msup><mfenced><mfenced open=\"[\" close=\"]\"><mn>2</mn></mfenced></mfenced><mn>2</mn></msup></msqrt><mfenced open=\"[\" close=\"]\"><mtable><mtr><mtd><mn>2</mn></mtd></mtr><mtr><mtd><mn>2</mn></mtd></mtr></mtable></mfenced></math></span>. <span id=\"formatEditorTxtEnunciadoP1530821728978\"><math xmlns=\"http://www.w3.org/1998/Math/MathML\"><msup><mfenced open=\"[\" close=\"]\"><mfenced open=\"{\" close=\"}\"><mroot><mn>2</mn><mn>1</mn></mroot></mfenced></mfenced><mn>1</mn></msup></math></span>. ",
    "pregcomentariov": "",
    "pregfechacreaciont": "2017-10-18T21:28:03.921Z",
    "pregautoriav": "",
    "pregyear": 2017,
    "pregcorrecta": false,
    "pregmaterialrefuerzov": "",
    "pregtiempon": null,
    "pregautoriacelularv": null,
    "pregfuentev": null,
    "pregpuntosn": null,
    "pregcodigointernov": null,
    "pregpropiedadv": null,
    "pregfechamodificaciont": "2018-07-25T14:17:02.483Z",
    "componente": "CIUDADANAS",
    "tema": null,
    "competencia": "PENSAMIENTO REFLEXIVO",
    "areaidn": 16,
    "area": "Sociales y Ciudadanas",
    "asignatura": "C. Sociales y C. Ciudadanas",
    "aprendizaje": null,
    "dba": null,
    "tipoidn": 8,
    "tiponombrev": "Selección múltiple con única respuesta",
    "empridn": 110,
    "emprnombrev": "FORMARTE S.A.S",
    "usuaidn": 1251,
    "usualoginv": "tlidervirtual@grupoformarte.edu.co",
    "estaidn": 4,
    "estado": "Publicado",
    "gradidn": 45,
    "grado": "Pre ICFES",
    "dificultad": null,
    "periodo": "Periodo I",
    "pregestructuraj": null,
    "recunombrev": "S7-LIII17 28-34",
    "recutexto": "<div style=\"text-align: justify;\"><div style=\"text-align: center; \"><span style=\"font-family: Helvetica; color: rgb(0, 0, 0); font-weight: bold;\">X</span></div><div style=\"text-align: center; \"><span style=\"font-family: Helvetica; color: rgb(0, 0, 0); font-weight: bold;\"><br></span></div><div><span style=\"font-family: Helvetica; color: rgb(0, 0, 0);\">Se encontraba en la región de los asteroides 325, 326, 327, 328, 329 y 330. Para ocuparse en algo e instruirse al mismo tiempo decidió visitarlos.</span></div><div><span style=\"font-family: Helvetica; color: rgb(0, 0, 0);\">El primero estaba habitado por un rey. El rey, vestido de púrpura y armiño, estaba sentado sobre un trono muy sencillo y,</span></div><div><span style=\"font-family: Helvetica; color: rgb(0, 0, 0);\">sin embargo, majestuoso. […]</span></div><div><span style=\"font-family: Helvetica; color: rgb(0, 0, 0);\">El principito estaba sorprendido. Aquel planeta era tan pequeño que no se explicaba sobre quién podría reinar aquel rey.</span></div><div><span style=\"font-family: Helvetica; color: rgb(0, 0, 0);\">—Señor —le dijo—, perdóneme si le pregunto…</span></div><div><span style=\"font-family: Helvetica; color: rgb(0, 0, 0);\">—Te ordeno que me preguntes —se apresuró a decir el rey.</span></div><div><span style=\"font-family: Helvetica; color: rgb(0, 0, 0);\">—Señor... ¿sobre qué ejerce su poder?</span></div><div><span style=\"font-family: Helvetica; color: rgb(0, 0, 0);\">—Sobre todo —contestó el rey con gran ingenuidad.</span></div><div><span style=\"font-family: Helvetica; color: rgb(0, 0, 0);\">— ¿Sobre todo?</span></div><div><span style=\"font-family: Helvetica; color: rgb(0, 0, 0);\">El rey, con un gesto sencillo, señaló su planeta, los otros planetas y las estrellas.</span></div><div><span style=\"font-family: Helvetica; color: rgb(0, 0, 0);\">— ¿Sobre todo eso? —volvió a preguntar el principito.</span></div><div><span style=\"font-family: Helvetica; color: rgb(0, 0, 0);\">—Sobre todo eso... —respondió el rey.</span></div><div><span style=\"font-family: Helvetica; color: rgb(0, 0, 0);\">No era solo un monarca absoluto, era, además, un monarca universal.</span></div><div><span style=\"font-family: Helvetica; color: rgb(0, 0, 0);\">— ¿Y las estrellas le obedecen?</span></div><div><span style=\"font-family: Helvetica; color: rgb(0, 0, 0);\">— ¡Naturalmente! —le dijo el rey—. Y obedecen en seguida, pues yo no tolero la indisciplina.</span></div><div><span style=\"font-family: Helvetica; color: rgb(0, 0, 0);\">Un poder semejante dejó maravillado al principito. Si él disfrutara de un poder de tal naturaleza, hubiese podido asistir en el mismo día, no a cuarenta y tres, sino a setenta y dos, a cien, o incluso a doscientas puestas de sol, sin tener necesidad de arrastrar su silla. Y como se sentía un poco triste al recordar su pequeño planeta abandonado, se atrevió a solicitar una gracia al rey:</span></div><div><span style=\"font-family: Helvetica; color: rgb(0, 0, 0);\">—Me gustaría ver una puesta de sol… Deme ese gusto… Ordénele al sol que se ponga…</span></div><div><span style=\"font-family: Helvetica; color: rgb(0, 0, 0);\">—Si yo le diera a un general la orden de volar de flor en flor como una mariposa, o de escribir una tragedia, o de transformarse en ave marina y el general no ejecutase la orden recibida ¿de quién sería la culpa, mía o de él?</span></div><div><span style=\"font-family: Helvetica; color: rgb(0, 0, 0);\">—La culpa sería de usted —le dijo el principito con firmeza.</span></div><div><span style=\"font-family: Helvetica; color: rgb(0, 0, 0);\">—Exactamente. Solo hay que pedir a cada uno, lo que cada uno puede dar —continuó el rey. La autoridad se apoya antes que nada en la razón. Si ordenas a tu pueblo que se tire al mar, el pueblo hará la revolución. Yo tengo derecho a exigir obediencia, porque mis órdenes son razonables.</span></div><div><span style=\"font-family: Helvetica; color: rgb(0, 0, 0);\">— ¿Entonces mi puesta de sol? —recordó el principito, que jamás olvidaba su pregunta una vez que la había formulado.</span></div><div><span style=\"font-family: Helvetica; color: rgb(0, 0, 0);\">—Tendrás tu puesta de sol. La exigiré. Pero, según me dicta mi ciencia gobernante, esperaré que las condiciones sean favorables.</span></div><div><span style=\"font-family: Helvetica; color: rgb(0, 0, 0);\">— ¿Y cuándo será eso?</span></div><div><span style=\"font-family: Helvetica; color: rgb(0, 0, 0);\">— ¡Ejem, ejem! —le respondió el rey, consultando previamente un enorme calendario—, ¡ejem, ejem! Será hacia… hacia…</span></div><div><span style=\"font-family: Helvetica; color: rgb(0, 0, 0);\">será hacia las siete cuarenta. Ya verás cómo se me obedece.</span></div><div><span style=\"font-family: Helvetica; color: rgb(0, 0, 0);\">El principito bostezó. Lamentaba su puesta de sol frustrada y además se estaba aburriendo ya un poco.</span></div><div><span style=\"font-family: Helvetica; color: rgb(0, 0, 0);\">—Ya no tengo nada que hacer aquí —le dijo al rey—. Me voy.</span></div><div style=\"text-align: right; \"><span style=\"font-family: Helvetica; color: rgb(0, 0, 0); font-style: italic;\">Fragmento de El principito</span></div><div style=\"text-align: right; \"><span style=\"font-family: Helvetica; color: rgb(0, 0, 0); font-style: italic;\">Antoine de Saint-Exupéry</span></div></div>",
    "respuestas": [
        {
            "respidn": 2824376,
            "resptextov": "la cabeza.",
            "responidentificadorv": "A",
            "respmaterialrefuerzov": "",
            "respdiagnosticov": null,
            "respnivelacercionn": null,
            "resppuntosn": null,
            "resppropiedadesj": null,
            "pregidn": 511687,
            "oppridentificadorv": "A",
            "opprrespuestacorrectab": true,
            "opprvalorrespuestad": null,
            "opciordenn": 1,
            "gradidn": null,
            "gradnombrev": null
        },
        {
            "respidn": 2824377,
            "resptextov": "la cabeza.",
            "responidentificadorv": "B",
            "respmaterialrefuerzov": "",
            "respdiagnosticov": null,
            "respnivelacercionn": null,
            "resppuntosn": null,
            "resppropiedadesj": null,
            "pregidn": 511687,
            "oppridentificadorv": "B",
            "opprrespuestacorrectab": false,
            "opprvalorrespuestad": null,
            "opciordenn": 2,
            "gradidn": null,
            "gradnombrev": null
        },
        {
            "respidn": 2824378,
            "/": "bvxc",
            "responidentificadorv": "C",
            "respmaterialrefuerzov": "",
            "respdiagnosticov": null,
            "respnivelacercionn": null,
            "resppuntosn": null,
            "resppropiedadesj": null,
            "pregidn": 511687,
            "oppridentificadorv": "C",
            "opprrespuestacorrectab": false,
            "opprvalorrespuestad": null,
            "opciordenn": 3,
            "gradidn": null,
            "gradnombrev": null
        },
        {
            "respidn": 2824379,
            "resptextov": "bvxc",
            "responidentificadorv": "D",
            "respmaterialrefuerzov": "",
            "respdiagnosticov": null,
            "respnivelacercionn": null,
            "resppuntosn": null,
            "resppropiedadesj": null,
            "pregidn": 511687,
            "oppridentificadorv": "D",
            "opprrespuestacorrectab": false,
            "opprvalorrespuestad": null,
            "opciordenn": 4,
            "gradidn": null,
            "gradnombrev": null
        }
    ],
    "acierto": false
}